<ImportExportXml xmlns:xsi="http://www.w3.org/2001/XMLSchema-instance">
  <Entities></Entities>
  <Roles></Roles>
  <Workflows></Workflows>
  <FieldSecurityProfiles></FieldSecurityProfiles>
  <Templates />
  <EntityMaps />
  <EntityRelationships />
  <OrganizationSettings />
  <optionsets />
  <CustomControls />
  <EntityDataProviders />
  <CanvasApps>
    <CanvasApp>
      <Name>dsi_contrat_fda2a</Name>
      <AppVersion>2022-03-03T11:48:55Z</AppVersion>
      <Status>Ready</Status>
      <CreatedByClientVersion>3.22022.23.0</CreatedByClientVersion>
      <MinClientVersion>3.22022.23.0</MinClientVersion>
      <Tags>{"primaryDeviceWidth":"2399","primaryDeviceHeight":"1108","sienaVersion":"20220303T114855Z-3.22022.23.0","deviceCapabilities":"","supportsPortrait":"false","supportsLandscape":"true","primaryFormFactor":"Tablet","publisherVersion":"3.22022.23","minimumRequiredApiVersion":"2.2.0","hasComponent":"true","hasUnlockedComponent":"true","isUnifiedRootApp":"false"}</Tags>
      <IsCdsUpgraded>0</IsCdsUpgraded>
      <GalleryItemId xsi:nil="true"></GalleryItemId>
      <BackgroundColor>rgba(0, 176, 240, 1)</BackgroundColor>
      <DisplayName>CONTRAT</DisplayName>
      <Description xsi:nil="true"></Description>
      <CommitMessage xsi:nil="true"></CommitMessage>
      <Publisher xsi:nil="true"></Publisher>
      <AuthorizationReferences>[]</AuthorizationReferences>
      <ConnectionReferences>{"e08fcb0c-155c-45b5-9b17-53c38dd4b8dd":{"id":"/providers/microsoft.powerapps/apis/shared_office365users","displayName":"Utilisateurs d’Office 365","iconUri":"https://connectoricons-prod.azureedge.net/releases/v1.0.1551/1.0.1551.2693/office365users/icon.png","dataSources":["Utilisateursd’Office365"],"dependencies":[],"dependents":[],"parameterHints":{},"parameterHintsV2":{},"isOnPremiseConnection":false,"bypassConsent":false,"dataSets":{},"apiTier":"Standard","actions":["UserProfile"]},"aaffa3d8-c6ca-416c-8b6b-3b07a5cdee46":{"id":"/providers/microsoft.powerapps/apis/shared_logicflows","displayName":"Flux logiques","iconUri":"https://connectoricons-prod.azureedge.net/releases/v1.0.1534/1.0.1534.2605/logicflows/icon.png","dataSources":["ExportHSUPPCVS"],"dependencies":["de240698-2f48-4603-be9e-e81bacfad336"],"dependents":[],"parameterHints":{"workflowName":{"value":"d145f555-c5cb-47be-9016-d1ec0c43292d"},"workflowEntityId":{},"de240698-2f48-4603-be9e-e81bacfad336":{"value":"shared_onedriveforbusiness"}},"parameterHintsV2":{"shared_onedriveforbusiness":{"value":"de240698-2f48-4603-be9e-e81bacfad336"}},"isOnPremiseConnection":false,"bypassConsent":false,"dataSets":{},"apiTier":"Standard","actions":["Run"]},"de240698-2f48-4603-be9e-e81bacfad336":{"id":"/providers/microsoft.powerapps/apis/shared_onedriveforbusiness","displayName":"OneDrive Entreprise","iconUri":"https://connectoricons-prod.azureedge.net/releases/v1.0.1546/1.0.1546.2665/onedriveforbusiness/icon.png","dataSources":[],"dependencies":[],"dependents":["aaffa3d8-c6ca-416c-8b6b-3b07a5cdee46"],"parameterHints":{},"parameterHintsV2":{},"isOnPremiseConnection":false,"bypassConsent":false,"dataSets":{},"apiTier":"Standard"},"f042e24c-94f7-49a4-9b9f-73b0064a5708":{"id":"/providers/microsoft.powerapps/apis/shared_sharepointonline","displayName":"SharePoint","iconUri":"https://connectoricons-prod.azureedge.net/releases/v1.0.1554/1.0.1554.2707/sharepointonline/icon.png","dataSources":["PRS_REMPLACEMENT","PRS_SITE_VALIDATEUR_WDA","PRS_DIMHEURE","PRS_SITE_VALIDATEUR_WF","PRS_Service_Employe","PRS_Responsables_RH","PRS_COLLECTION_PDACCES","PRS DIRECTION SECRETAIRE","prs_list","prs_contrat","prs_validation_contrat","DAJ_DOCUMENT_CONTRACTUEL_LIST","DAJ_List_Contrat_last"],"dependencies":[],"dependents":[],"parameterHints":{},"parameterHintsV2":{},"isOnPremiseConnection":false,"bypassConsent":false,"dataSets":{"https://sibracacam.sharepoint.com/sites/test.intranet.sabc/test_dev":{"dataSources":{"PRS_REMPLACEMENT":{"tableName":"47f0adee-c434-43f3-bc91-4d66562aad69"},"PRS DIRECTION SECRETAIRE":{"tableName":"b617b7d6-8bdb-4a78-a94c-01ac2641df5b"},"prs_list":{"tableName":"991c4127-6374-4c31-82d9-f182c31f4e42"},"prs_contrat":{"tableName":"d07a0a87-4ea1-470e-9ab9-8088cd2e9e79"},"PRS_COLLECTION_PDACCES":{"tableName":"0db80d95-3ce6-4f8e-a967-e59bdd0238ce"},"prs_validation_contrat":{"tableName":"bd783884-b358-464e-8a88-4cf9882eb7dc"},"DAJ_DOCUMENT_CONTRACTUEL_LIST":{"tableName":"8170270c-f47b-411f-bef9-1168e5bfa8b4"},"DAJ_List_Contrat_last":{"tableName":"ad827f5d-a93a-4581-ba25-d68f145d46a8"}}}},"apiTier":"Standard","actions":["providers/PowerPlatform.Governance/Operations/Read"]},"4f24d891-97c1-4ff5-bde8-d84880ca586c":{"id":"/providers/microsoft.powerapps/apis/shared_sharepointonline","displayName":"SharePoint","iconUri":"https://connectoricons-prod.azureedge.net/releases/v1.0.1554/1.0.1554.2707/sharepointonline/icon.png","dataSources":["PRS_SITE_VALIDATEUR_WF","PRS_Responsables_RH","PRS_Service_Employe"],"dependencies":[],"dependents":[],"parameterHints":{},"parameterHintsV2":{},"isOnPremiseConnection":false,"bypassConsent":false,"dataSets":{"https://sibracacam.sharepoint.com/sites/test.intranet.sabc/test_dev":{"dataSources":{"PRS_SITE_VALIDATEUR_WF":{"tableName":"387340b3-bae3-4248-babb-94b4d9cb6ccf"},"PRS_Responsables_RH":{"tableName":"5f1dd15e-a6ca-46c1-bf73-95a5a173b1fd"},"PRS_Service_Employe":{"tableName":"9261db96-85ad-4348-810b-f7012fb48dcd"}}}},"apiTier":"Standard","actions":["providers/PowerPlatform.Governance/Operations/Read"]}}</ConnectionReferences>
      <DatabaseReferences>{}</DatabaseReferences>
      <AppComponents>[]</AppComponents>
      <AppComponentDependencies>[]</AppComponentDependencies>
      <CanConsumeAppPass>1</CanConsumeAppPass>
      <CanvasAppType>0</CanvasAppType>
      <BypassConsent>0</BypassConsent>
      <AdminControlBypassConsent>0</AdminControlBypassConsent>
      <EmbeddedApp xsi:nil="true"></EmbeddedApp>
      <IntroducedVersion>1.0</IntroducedVersion>
      <CdsDependencies>{"cdsdependencies":[]}</CdsDependencies>
      <IsCustomizable>1</IsCustomizable>
      <BackgroundImageUri>/CanvasApps/dsi_contrat_fda2a_BackgroundImageUri</BackgroundImageUri>
      <DocumentUri>/CanvasApps/dsi_contrat_fda2a_DocumentUri.msapp</DocumentUri>
    </CanvasApp>
  </CanvasApps>
  <Languages>
    <Language>1036</Language>
  </Languages>
</ImportExportXml>